759491,1.96555
74,0
25462,1.11382
335,2.19629
66915,39.9921
71209,5.62832
91438,0.5414
113823,0.263584
132710,0.166667
208582,0.745437
378288,4.07897
397880,1.79917
489999,0.868831
492331,3.07142
615119,4.37644
651107,0.824607
747445,4.01443
755156,5.40465
838272,2.14984
895136,5.91026
899530,6.5804
960690,2.38712
988638,2.84983
75264,2.80818
441,0.5625
91650,8.38125
112789,5.19412
134729,4.51057
175775,1.71429
295756,4.19617
359326,1.44885
446509,10.256
485135,2.46433
579839,1.68931
741746,1.51342
789064,0.132593
790820,3.65567
796045,3.48319
806829,2.21756
825087,0.930512
863790,3.05371
883318,3.25878
151290,2.25055
589,0
286662,0.912552
748421,0.333333
5953,4.5334
1098,3.40609
12654,1.13938
59537,2.50868
61938,1.2815
81493,1.65659
84209,6.87548
130932,2.63481
139026,20.5359
182598,4.66232
187581,4.54791
200968,0.503903
349157,2.94485
354105,18.5877
379125,12.4638
390390,4.92896
485791,1.24479
490004,12.032
503913,0.985449
562304,9.36116
574772,5.03396
604852,5.82147
623985,0.348599
754032,72.9157
771438,15.9645
772567,1.71167
840402,14.5742
8828,3.21763
1113,0.0833333
81403,1.06538
546214,4.25367
628467,4.197
13384,1.50807
1433,0.763613
19241,1.51807
65397,1.34082
86312,1.46565
99753,0.685516
136640,2.63988
175286,4.15608
210512,0.2875
234325,3.86421
409954,4.84701
749175,0.577897
804289,1.57067
50493,0.544444
1498,0.766667
96977,1.61389
97325,1.13165
219966,1.01026
561105,1.95
607053,1.35794
1528006,2.08333
1589,0
559405,1
1611,0.2
156886,2.55598
2252,0.125
112017,2.4724
2273,0.211111
203804,0.25
588679,0.25
744548,7.61318
38936,3.46581
2330,0.288462
41874,16.7603
249175,1.80571
639397,1.73518
642542,5.96457
765585,0.799733
781837,4.43039
785283,4.39889
792507,11.318
798543,0.307308
183867,6.91694
2411,5.09507
346336,12.7252
423829,19.5338
750519,4.13521
840102,1.94149
988440,5.39538
133969,1.75151
2578,0
7689,5.68496
2750,0
160690,2.90451
208774,6.24362
262255,4.53055
319347,5.42746
376204,3.94676
802302,4.48264
820434,5.48183
112462,8.95533
2867,0
176936,4.24514
187478,3.68991
192382,9.52196
240865,3.67296
255371,0.408333
489303,8.71365
824599,2.31371
831381,0.735406
894465,28.9509
18977,2.34171
3170,0.0666667
19297,2.64065
297894,2.86348
517607,1.04167
3226,0
583618,4.47716
626463,3.23459
859509,1.32115
101895,0.6
3426,1.16667
239859,0.82359
3595,3.12296
304458,0.45
649950,1.36667
691807,0.830252
178014,5.73043
3627,0.230546
246768,1.22183
295276,3.27547
603590,1.38087
745584,3.75695
790988,3.01639
819344,3.0259
855773,0.322324
131627,2.53119
3669,0.05
137580,3.5871
170369,3.34507
207735,0.593192
240311,1.86892
289177,0.558846
309458,2.01501
332141,5.01517
519637,1.27473
578028,0.0588235
584923,0.642541
690254,1.73009
744265,0.458195
767068,0.857742
816890,10.8782
921965,1.17138
923384,0.563326
532957,8.36198
3829,6.56513
805930,11.6411
4358,0
4451,0.1
123007,1.50962
490141,1.01458
42234,1.43382
4458,0
536122,3.6748
4553,0
31380,0.531338
4852,3.69619
122754,1.50873
145443,0.111111
237205,10.0748
661524,4.45539
664817,1.26613
806336,0.815181
100160,17.543
4955,0
577627,13.2499
1190,0.667478
5307,0.802632
74195,0.901852
101946,2.8405
134600,4.23541
164053,1.68225
165011,2.95012
170770,5.6527
279337,4.91329
290072,2.92204
316834,16.6873
361393,11.7177
411761,5.5339
568861,0.482053
614823,0.346501
622805,15.4853
866491,1.58188
887806,0.0454545
927555,10.6188
933172,2.72364
22124,6.68037
5441,2.92323
98465,7.54612
105422,0.763443
163386,0.0357143
246611,7.51003
260206,6.09513
287259,0.713553
315403,3.56417
371258,1.57472
386253,0.439683
406294,2.00459
424244,2.38473
490952,2.76215
501407,4.53763
561715,1.79992
588450,1.2112
673208,1.07862
749970,1.19945
751910,1.48719
925852,0.557575
957085,1.04928
5501,0.707808
223627,0.703394
280956,0.428947
351733,5.28416
357406,9.63831
388198,0.340909
506513,1.73398
572737,1.37491
825251,2.72652
5882,6.76713
120521,15.399
180228,18.0038
799053,3.76928
824022,9.4288
16835,0.04
22928,1.60062
46120,0.258337
76057,4.47246
114342,5.83504
137474,2.24538
138699,5.39843
311674,2.06838
327765,2.75704
489676,2.39971
6334,3.64732
5980,0.551556
150629,4.8181
695189,0.309524
804476,3.21203
958533,2.11787
28692,0.166667
6143,0.783333
175553,14.506
208404,2.92975
404463,2.79597
640675,7.96949
868092,1.68328
749222,0.821324
6232,1
752945,0.829167
37730,6.03202
6310,0.26619
39258,0.795633
47789,0.57009
51992,4.99687
78741,0.204278
130173,1.75754
184043,3.55126
287917,0.597703
350840,1.30286
387530,0.408968
490554,0.152302
612716,4.77276
853492,0.325814
898479,0.465277
936425,1.94861
987491,4.272
11707,2.16361
6320,3.25202
43714,6.42529
46925,2.53387
96964,0.64645
102399,0.993056
110161,1.99195
130689,3.01624
136871,2.20437
277351,0.0625
481461,0.153409
674662,0.437241
685647,4.50036
796734,6.2033
957296,4.13829
60306,1.24194
79016,14.384
82584,6.34998
162677,12.0992
172642,0.188034
184502,9.99925
204901,5.15499
211758,18.196
212612,1.65474
213590,1.22741
244406,2.24082
742899,2.66429
396372,6.42662
6563,0.0909091
21334,2.53333
6568,0
816701,2.44291
825168,0.333333
46861,12.7938
6613,2.64286
60679,1.16281
815039,5.61697
825208,4.24992
942252,3.97645
6855,0.219298
197424,2.41667
6860,0
311680,2.97389
617613,0.958333
619388,0.25
245039,3.06171
7031,0
389979,3.54357
778568,0.625344
36537,0.22406
7230,0.235747
89021,1.11444
209142,1.31905
307135,0.130252
496405,1.74657
805785,1.62997
821571,7.28361
842351,1.25615
113480,1.2211
7305,0.08125
152312,1.35489
61479,0.623821
7448,1.99854
64145,0.453247
82013,4.77023
118544,6.15026
144458,8.05244
147200,3.25944
162820,0.830669
329468,2.95519
524239,0.863691
894335,6.27903
41420,0.138889
59819,2.25925
101953,0.0972222
118289,1.8072
477875,4.46086
500889,3.8018
509356,0.485354
569256,0.770019
572106,1.31652
594665,5.66241
664849,2.21869
746666,2.0162
865016,3.40959
894847,0.661984
55128,5.01882
7729,0.266966
58616,0.22619
116984,1.09453
502806,0.142857
773642,1.54848
50251,1.01471
7731,1.53333
88180,3.034
798606,5.24165
7920,3.59102
139908,0.56973
418740,15.139
671953,3.43569
891063,2.10042
334740,1.96587
7974,0
13393,0.445348
8125,0.111111
59655,0.64955
94224,1.91067
128099,17.9053
149973,0.286398
170454,0.819011
179764,0.314694
414251,11.4691
477377,1.61216
542976,0.647249
667169,0.302632
751738,0.263086
772526,2.50967
803242,0.252632
806542,3.86697
817011,0.285855
894531,0.392501
59293,1.73503
8245,0.142157
71336,1.78642
328352,0.954351
575051,1.74854
65590,3.61286
8549,0.413502
189678,1.8522
325459,9.2506
422405,4.39172
545726,1.87302
621944,0.480342
752314,2.76393
780625,0.36035
922911,0.704164
39013,0.94426
8570,0
305363,1.49321
563834,0.740296
690456,0.336455
781766,0.613743
808944,3.39381
855836,1.36113
178906,3.01173
8591,0
219203,9.28214
803026,0.279589
11754,0.435038
22257,0.343869
137084,1.27571
159433,1.8497
177454,0.205053
228099,1.03524
235923,1.74467
246960,2.09986
290590,0.240273
302106,0.529585
354722,0.115499
390477,2.75366
484145,2.18681
495338,2.87758
545074,1.83921
572499,0.275204
776093,1.89415
790833,1.14165
874289,0.949425
9084,1.56536
121590,3.6455
253142,2.32126
567624,1.17157
9218,0.166667
590441,1.34657
9437,0
133057,0.535714
161808,2.33799
162269,1.47802
162487,1.92887
227088,0.579861
270491,9.20448
286115,0.874779
340446,0.0666667
368112,1.4733
495861,0.239286
749476,0.964426
750131,0.369444
834108,1.06451
858375,0.564156
9441,0.0714286
167320,2.78714
178122,0.540476
420133,2.78795
820115,1.32158
9490,0
393345,2.68281
564333,1.84084
23290,1.125
9680,2.69365
170690,2.03869
242966,1.528
490416,6.67243
494537,0.630978
641450,0.325
748773,2.31551
9787,0
543595,1.3411
750742,0.924542
782768,2.48789
813946,4.48121
9970,0
12472,1.51055
10412,0.674163
20050,0.421451
36106,0.111455
38490,7.62655
77175,0.578192
107139,1.97296
178536,0.488611
191947,0.968213
265440,0.421638
307461,6.24634
313284,1.50404
317417,0.532139
745964,4.96295
798792,0.515741
92942,4.82687
10538,1.46032
127337,1.23299
183858,4.21509
217622,1.86488
238115,18.546
531986,23.5564
617196,16.1901
645474,1.7288
809266,3.36759
852855,10.3644
62823,4.17657
10982,0.407076
202545,0.849638
385611,0.215909
11046,0.0666667
158309,1.41838
225930,1.40861
680476,1.62112
792530,3.73192
15318,1.28379
11052,0
81561,1.79925
207127,1.59038
214162,2.50305
251375,1.15859
300749,0.22619
396676,3.28123
522768,1.07998
605375,2.75665
792370,2.1657
798248,4.02821
944084,5.88718
18258,3.96896
11210,0
169536,0.87619
11242,0.0666667
740833,1.5884
11506,0
44994,0.583661
11608,0
129547,1.49277
205180,2.78909
369270,2.96498
611102,1.16351
617844,3.67029
625739,1.42537
942529,3.39572
11664,0
66570,1.19858
67528,0.330458
267354,5.20069
743929,3.5894
809058,0.0769231
927627,1.33861
325401,2.53009
473554,0.663321
490549,1.09594
674150,0.1
686897,2.47139
936190,1.9255
68780,1.4729
11910,0.388889
175196,0.389286
184187,0.285256
201760,3.6155
248392,2.80392
341137,0.315909
12128,0.244869
127063,1.82271
155563,0.117225
308871,1.07989
478246,0.0909091
651156,2.51927
762731,1.53249
767016,4.75963
117844,2.49592
12180,0.695455
200791,3.69996
320761,1.43602
410219,11.351
471156,1.77961
573100,0.136364
791483,1.63477
238495,3.06288
493122,1.5481
543055,1.8976
596922,0.983333
631774,13.5645
751019,3.21138
925181,0.968088
12491,0.0833333
12570,0
573978,2.03889
152023,2.13744
12595,0
16759,1.82468
12644,0.947558
39656,4.26274
160198,1.38371
172350,2.60444
301955,0.266667
770629,1.92702
47421,0.152632
106298,1.25263
165663,1.07572
193320,3.85016
299471,1.14158
745241,0.951248
897214,0.274854
12877,0.0625
34899,0.528408
12972,0
51376,1.96781
167287,1.95768
219483,2.70386
290812,8.01705
364399,2.46455
809357,0.275
842802,4.20998
990384,0.233333
71970,4.59427
13038,0
90389,0.25
673114,0.786111
781172,5.83435
13101,0
81017,0.648109
147638,0.221324
186927,1.8175
300245,1.08173
675495,2.07589
826364,0.183333
840000,3.10999
667794,1.47195
13377,0.047619
934721,2.26029
14651,4.6541
70715,1.86211
144847,5.0538
629609,1.27477
664378,2.18211
765722,0.307576
814606,1.66314
868456,0.558687
934069,2.36846
944310,6.66585
31685,5.35967
13387,0.994341
96613,2.15409
117490,0.0945378
147635,2.89979
159214,2.37876
166785,0.376714
174557,4.56536
182900,4.40181
184091,0.522025
204386,5.04863
248798,0.568332
285272,0.474921
294923,1.07925
359016,0.644073
359966,1.1769
688400,0.275333
791120,0.58254
812046,0.48206
816387,0.893499
855405,1.02985
962339,0.671723
31067,2.35546
677781,4.7027
766893,4.43776
772976,2.00056
814898,1.32241
15694,0.708856
13508,0.386081
29791,1.26317
29884,5.50042
31556,0.608871
36521,2.71054
79044,0.563819
112185,0.499182
145128,3.05305
212131,1.48848
240665,2.90887
326249,6.60545
575522,1.0129
793425,0.135444
815537,0.298019
954964,0.727601
13511,2.20133
608701,14.4643
797881,0.333333
13583,0
21744,0.700667
103484,1.04742
600069,0.0666667
774588,3.23511
848034,0.569142
31274,0.477219
13755,0
199995,2.93564
253861,0.142857
404434,2.93965
798992,1.59137
140176,1.36869
14073,0.625
61480,0.744355
14201,0.111111
131581,3.12566
162233,2.73123
781094,4.23329
111794,0.191667
14263,0.110145
161173,0.125
227776,0.930556
398615,0.575433
607283,4.9402
32071,3.59134
14329,0
98189,3.51322
193160,1.87199
380704,2.23868
549797,23.0411
747506,1.0345
796741,3.44822
848784,11.9969
857203,1.62751
14699,0
44764,8.47019
75747,12.5744
97182,1.49255
14724,0.111111
936946,3.95833
14757,0
79960,2.94066
150048,0.184656
203008,5.16343
303626,0.685
825924,0.153954
887619,0.75402
14822,0
128440,4.70192
128495,1.78904
758453,1.99879
891264,0.221197
923033,2.18944
16281,1.48643
14931,0
58549,4.44507
14959,0
15158,0.0769231
49774,0.923626
61044,2.75868
96379,4.87694
467203,14.0685
69986,2.18685
72205,1.73035
159699,2.43287
294085,1.33051
637150,0.566822
806247,1.68827
15405,0
16438,0.502244
64303,2.28645
73421,1.44669
154530,1.32512
180263,1.47373
314600,2.84025
343930,4.18452
475932,0.768334
478426,2.66122
485191,0.881721
501692,0.305303
569914,0.732645
684240,0.20757
764181,0.578034
790732,1.53016
866786,3.70936
939567,3.51212
78044,2.94531
15856,0
16132,0.333333
16186,0.666667
572579,2.02018
16227,0
38466,2.11176
16235,0
44703,0.308303
153590,0.505116
179205,0.69754
232564,2.73927
295545,1.20435
626268,2.81313
696015,0.637546
888730,2.85679
29067,1.01846
423267,2.12661
483587,1.73604
582313,4.99404
47033,1.43548
16574,0.333333
129761,0.868344
301619,4.49011
334193,6.95446
798662,4.59533
131841,1.19916
16925,0
793227,4.37745
93322,3.53629
16944,1.77426
138063,1.15537
160848,2.47059
328014,3.61098
641994,1.55779
751592,1.89154
785380,5.20585
836312,0.602946
17021,0
263937,1.92202
540883,4.46987
817754,1.25626
845775,0.119298
864209,1.79808
17387,0.790909
70027,0.357969
104455,0.274202
120953,0.623287
501081,1.12548
564726,0.4711
784814,0.477778
40225,5.18827
17748,3.31706
418955,2.97028
491220,2.05336
575012,0.260119
597309,2.31734
801573,0.695238
806877,2.28299
830375,0.565909
33161,6.81395
17877,0.915353
590285,0.528475
607448,7.09742
766094,1.72229
944349,2.84707
17882,0
17929,0.660596
162930,0.5464
164093,0.696699
185948,1.09402
260038,7.03428
368367,0.958333
378624,4.49173
29867,0.937919
17937,0.0909091
171728,1.82089
273531,1.88483
314113,2.38475
81796,2.41071
18137,0.0666667
119629,0.386447
290464,2.23773
764702,4.72317
845443,2.55635
305501,1.51145
18176,1.25172
103162,0.595543
213212,0.700878
302685,0.787614
384675,2.46463
834673,0.167832
489520,2.55966
18513,0
18691,0
671244,0.611406
766533,0.533333
78886,0.750256
18828,0
80720,0.528409
137390,8.14333
260212,2.79892
482677,0.66852
567570,0.590993
789340,0.157576
831215,1.34057
895443,3.23664
18862,0
53739,2.06906
98081,1.24684
106987,0.574119
131681,3.58218
314155,0.047619
330575,2.53561
344275,1.76736
745915,0.729621
753985,0.263965
794449,0.514286
822777,1.54705
19029,0
19133,0
132449,1.41755
232701,0.302203
362437,0.61028
409968,1.7522
671156,0.635176
815236,0.481344
837946,0.376362
838300,1.627
52900,1.73819
87985,4.66573
274321,0.911981
814852,0.405634
823012,0.384921
19392,0
19701,3.87268
34988,1.58069
44906,0.972566
46527,0.560924
188190,0.047619
423305,1.67094
633181,0.987175
751604,1.06083
179379,2.22375
19435,0.967857
188202,0.333333
224638,1.00942
233066,5.22166
307025,1.06091
504928,1.35033
614339,1.53916
763301,2.10361
608945,3.85628
19740,0.2
19831,0
781370,1.64282
19892,0.65495
154998,3.41305
257544,0.983433
749734,1.53514
855423,2.9421
341422,1.36869
19953,0
591104,3.71439
688804,0.417832
20028,0
28166,1.83432
59156,6.38622
76881,5.19345
276085,12.8743
81194,2.02525
20278,3.30112
100854,0.634325
108826,5.87909
148477,0.63869
164594,1.61204
168958,0.411104
198162,0.842334
233228,1.38588
457807,1.92157
838195,1.70155
611877,1.13029
20319,0.531683
750203,2.93936
74970,5.91584
20403,1.17424
246022,2.74012
287604,13.0106
120010,1.09637
20729,0
163420,0.777605
206407,3.58739
475334,0.621645
479350,0.761349
486047,3.01385
604075,0.278915
786613,3.41942
1416172,0.0833333
20740,0.142857
129817,1.65519
165830,1.65016
181376,0.981834
352171,0.41161
681340,1.69758
697350,0.646104
788508,1.30701
798477,0.337129
20760,0.303846
80780,1.28653
85410,0.281169
142050,0.326284
174122,0.592554
177060,3.32574
307875,0.546756
345355,0.979055
852997,0.150846
69534,3.17876
20812,0
222436,2.72872
251595,0.584251
297702,0.987044
20862,0.201034
520975,1.06944
680522,3.22922
20919,0
97529,0.411422
20971,0
226380,0.79138
680003,0.519967
789775,1.6911
798326,1.56299
800100,1.85918
928942,4.73695
961688,0.330891
189644,2.49048
20984,0.0666667
21008,0
281254,0.219697
393789,0.340634
510805,0.786748
530745,7.45685
583959,5.2007
592954,2.51451
681171,0.0454545
787960,0.0454545
936206,5.5846
941579,3.53241
21009,0.3125
140816,0.443553
252184,0.379191
337631,0.96413
467853,0.428758
21292,0.358515
887348,1.04244
21492,0
194703,3.13755
756656,2.48465
21578,1.45553
191063,1.64278
308932,0.871371
672011,1.4641
46794,1.05845
21670,0
99246,0.548583
162197,2.57279
169795,1.96016
377581,0.118056
570061,0.278417
615489,0.232055
925528,0.566965
528221,2.68918
21747,0.564121
94210,2.51396
397042,0.222756
502199,0.428114
548338,4.17493
674332,1.34519
678408,1.01706
22020,0
228299,0.493478
233862,1.689
243527,1.84954
463527,1.70516
156043,0.843961
259800,0.741752
754879,0.184215
792925,1.39843
22348,0.765532
631579,0.73654
927736,0.438387
955544,0.279225
961234,1.42817
103324,0.736455
22369,0
151787,1.76665
305541,1.27692
22574,0
22602,0
22875,0.0990338
278575,0.843537
567190,2.22844
573870,1.26564
923618,0.848523
2993710,1.23549
228323,2.17168
22981,0
23147,0
74853,2.43333
23202,0
921306,3.22712
190632,1.24028
23411,0
23925,0
610706,3.81732
23982,0
24139,0
502163,2.76576
24152,0
75295,2.55531
24309,0
173988,0.996337
190021,1.7565
242861,2.66791
636474,1.56415
24329,0
172612,1.41205
932858,0.447499
24568,1.33365
607804,2.06214
24944,6.15306
407986,0.145833
814220,0.283333
161351,0.666667
25142,0
268871,0.627406
333464,2.04621
25236,0
193231,3.92855
413524,5.81893
104714,13.322
25394,0.276111
35076,0.836708
161920,0.805901
239921,5.72421
332257,1.07414
482334,2.78001
748222,4.87511
25778,0.791667
129775,7.82664
131624,2.58142
25857,0.5
617370,1
793845,1.60911
25899,0.0833333
101795,1.83333
25965,0
188432,1.75743
944206,2.46021
26023,0.498352
354158,0.0666667
564239,1.92461
678339,2.31124
755494,2.85883
771010,1.45261
838241,0.908604
840523,2.01416
937003,5.84674
26161,0
26164,1.3652
69060,0.424628
100473,0.513333
109414,0.273333
238297,0.312412
498691,1.15776
585189,1.69818
762500,0.719947
766361,0.853515
797431,0.829607
172167,2.39385
26193,0.216923
174752,1.11024
601430,0.142857
749504,2.19286
26367,0.382258
105354,3.53776
500992,2.55563
835585,0.593691
859868,0.299616
948171,0.74697
26510,0.409761
185615,0.694377
198532,0.966659
391398,3.38865
538677,8.80028
744796,3.33074
814751,2.39235
26520,1.30725
37658,3.23021
57209,0.544485
118327,1.1534
140499,5.32397
174822,3.00164
186594,0.96399
241724,0.0719697
311074,2.63149
387815,2.38316
488378,2.15844
521704,1.02913
607028,0.34697
635413,2.41249
645612,3.97961
678009,2.16991
753963,0.8425
773392,0.0891266
799466,0.435065
849672,1.69618
936658,0.0757576
26637,0
72041,2.70824
26825,0.0753589
123915,0.434859
208303,0.362849
754251,1.54291
756180,1.33599
26952,0.181818
83095,2.66897
152973,0.833741
182360,3.43319
577235,2.65772
27102,0
27136,1.185
203670,0.47619
313899,0.142857
749671,0.47619
27221,0
769444,5.3821
27916,2.2126
250435,0.884715
266160,7.18247
330601,0.797387
330967,0.744913
894827,0.772334
28002,1.33521
242211,0.334524
323194,0.829306
259529,12.1746
28015,0
191429,1.24661
769616,0.469538
959770,2.82459
28316,0.142857
28432,0.673043
127360,2.01741
358820,1.57864
481057,3.13404
567325,1.98658
28772,1.5066
203639,0.219381
29978,0.819675
28863,0
28918,0
35021,1.47728
135024,0.698167
282709,2.01401
569685,4.58846
29334,1.64337
353145,3.33524
29365,0
29600,0
70800,0.491227
154544,6.17932
195874,2.35459
197921,2.87923
768321,1.97538
784732,1.31301
29604,0.25
29909,0.261072
45313,2.08191
292915,1.54939
293896,1.97278
505532,2.52631
595101,1.56494
643549,0.803691
794173,0.0737813
845625,0.929786
892823,1.33644
956707,0.34099
29808,0.862208
84814,1.83265
391933,1.22205
588508,0.262383
596126,1.78942
809999,0.668706
256349,3.51174
322027,0.829701
479028,2.18119
495784,0.749708
815575,3
137494,7.05273
376608,1.15914
792953,4.59069
793988,3.39649
803720,2.9505
193216,2.32381
210323,0.677
482600,0.464379
297955,0.229255
319021,1.13542
486645,0.150179
501802,0.818001
583478,0.443094
202554,0.825
30250,0
489316,4.99914
30431,1.28622
129308,1.06492
415239,0.0769231
745318,0.264957
790814,1.9114
30925,0.347594
395819,2.42063
30928,1.0623
61226,2.27233
607773,1.33925
892771,3.31006
31022,0.335372
290040,0.208965
317093,10.2476
668448,3.36764
817000,1.18138
51066,2.25
31158,0
31263,7.58792
304401,1.36577
31324,0.825251
590479,2.94735
925837,2.59359
299668,0.645525
31442,0.0769231
210991,1.64867
317865,1.61771
585249,1.9279
922728,4.14755
84053,4.79605
119651,2.78245
478603,1.90918
758444,1.65875
31606,0.495383
336783,4.74103
384920,0.194444
394449,0.304834
674263,1.15824
31617,0
408696,1.28487
607202,2.5885
920101,0.316812
46699,5.18788
105618,1.61212
130115,1.30776
138833,2.90466
170815,3.33266
244711,0.0454545
265456,1.76463
424296,1.45068
479582,2.42047
496097,1.69784
497132,2.60132
636044,1.33025
692100,0.586663
771297,0.30974
31697,0
31765,0
31823,0
573410,0.512704
652255,1.05715
82742,0.386111
31969,0
222927,2.07992
231645,1.49001
31971,0
32045,0
12802,0.5625
195368,1.5
32193,1.39608
289685,1.0873
32301,0
32333,0
333634,1.7233
32366,0.937155
517264,0.775036
577531,13.4058
845468,0.81007
32401,0.165377
659517,2.3053
674873,1.21783
32409,0
32433,0.213585
175708,1.43213
759031,0.684164
32807,0.04
150062,0.410708
242511,0.681893
32971,0.177933
163229,2.55078
597094,2.02582
64509,2.12061
343396,4.6054
68551,2.5588
33481,0
283405,0.309524
767370,0.182857
926108,0.142857
33560,0.361535
627337,0.720833
660401,0.7698
33580,0.745498
218885,1.97695
219334,1.1217
939187,0.729814
33666,0.239881
125465,0.254412
33995,0
33316,0.125
34094,0.847314
138332,0.373377
839369,0.26859
68738,0.121795
34172,1.07847
259561,0.200606
639053,3.57809
920073,0.948839
34249,2.02731
152002,1.2899
218994,0.92026
337271,0.241766
377908,1.13982
489876,1.51061
515628,1.16418
543867,2.68499
823165,0.568395
34382,0
89710,0.407317
149515,0.900908
574597,1.852
665957,0.417693
921002,1.87437
206967,4.19244
34617,0.423413
786228,0.380952
55304,2.62273
34867,0
75171,1.90613
143367,0.142857
423095,0.142857
761706,0.631024
34880,0
92303,1.63971
131650,6.36588
493327,2.75454
816900,0.505105
922200,1.0684
487186,4.08168
672910,6.15522
926604,2.81514
948557,0.267225
57488,0.166667
82831,4.92599
403120,9.65618
149044,3.45913
267814,0.529448
345168,1.3799
658346,1.45716
35338,0.643623
160638,0.0666667
246885,2.72941
35464,0.282992
397876,0.200983
662800,2.24625
762288,1.2764
778344,0.933569
35587,1.38596
422947,5.23407
515251,0.163743
931105,1.63412
950956,0.755556
42993,1.69129
35697,0.0666667
35719,0.116983
80537,0.718694
35864,0.0769231
3495279,1
36310,0.458824
135054,0.271368
266255,1.25892
766385,0.492803
36312,0
167517,1.78215
286561,1.72648
36327,0
135152,4.18827
799081,0.86084
925066,1.15136
36468,0.518889
573241,1.35201
61172,3.28906
758520,1.68132
858827,5.86344
889097,0.361645
36645,0.280952
558339,1.20549
642664,2.0543
988386,0.907503
858710,4.03536
36849,0
903609,3.38572
36934,0.1
36987,0.287068
484396,4.51396
37026,0
578031,0.602778
935990,0.166667
315336,3.83319
37197,0
556242,3.06905
75100,4.52511
140689,0.647313
222351,0.72679
474482,1.48787
913210,0.144721
171693,0.541667
37794,0.0884615
37865,0.233333
37931,0
38061,0.25
747757,1.2783
61534,0.227666
38302,1.83365
142652,1.35944
38321,0
108679,0.750355
636433,1.92844
775877,6.03528
923705,0.321429
3413,0.0769231
128249,0.148352
142178,0.572756
205254,0.383337
813392,2.94225
816896,1.16418
73644,0.656464
171637,2.29246
190946,4.39085
332852,0.40119
3056,0.0714286
38579,1.85732
750925,0.0714286
783250,0.0714286
926548,4.46788
38805,0.644444
58438,0.975473
106882,0.139609
110104,0.611049
127696,0.899534
176358,1.5327
200074,0.979142
619423,0.266638
684830,0.618061
884962,0.584223
920939,0.225932
139933,0.883267
213165,0.962493
814036,3.16465
38977,0.424158
138520,4.27242
223197,0.715923
255704,0.462439
312354,0.580864
367459,0.490873
471355,3.8739
472925,0.787059
761108,0.462439
855952,0.406566
58372,2.23381
39342,0
308645,0.547888
39406,0
453041,1.13333
741177,1.20605
39637,0
291043,3.1149
44290,2.51475
792175,1.76909
49806,0.700559
39661,0.236503
64817,1.13889
1006782,2.81146
40124,0
130764,0.267407
139089,2.19869
213921,0.623427
243008,3.91695
258430,1.50042
317545,3.29796
527267,0.520768
780581,1.63477
805345,0.100251
848913,1.94037
920994,1.20339
819894,0.989989
40230,0.11396
94764,0.403943
451296,1.24937
40294,0.047619
40501,0.566667
129430,0.813034
853926,0.908799
40648,0
928351,1.08889
40743,0.29
312353,0.697736
509223,0.972924
799771,0.244073
40922,0.0824916
41283,0
170381,0.354966
465562,0.0454545
987621,1.60094
416785,1.23929
41431,0.51396
760240,3.37742
41462,0
743968,0.434524
102050,2.31759
41899,0.426879
772745,2.61942
41976,0
42589,0.222222
99561,2.03029
124492,2.87874
477116,0.423576
850692,0.835425
68155,1.58241
43348,0
278559,0.3
43444,2.89033
295415,2.05043
492670,0.311111
639005,3.82619
899198,0.472228
43520,0.160256
376739,0.41829
758943,0.392437
830425,0.239379
962064,0.981092
942335,0.663102
43572,0.333333
949820,3.36189
578141,1.47981
785611,1.24601
852007,4.28155
44068,1.05882
79392,0.933824
466759,3.66993
44663,0
232869,0.416667
245019,1.72394
758208,2.74386
669015,1.0671
44751,1.05995
94205,4.27177
165818,0.688781
196248,2.25099
266916,1.46162
418981,2.44483
469286,0.422843
774791,0.394744
868306,2.02044
44776,0.125
756740,0.679416
115733,0.940922
894956,1.92935
186312,5.54041
44998,0
81083,10.5706
45057,4.31812
169202,2.43548
45077,0.877778
192925,0.52619
223054,3.64859
527379,1.13333
536754,2.82223
738855,0.49152
45287,0
486775,1.09148
45379,0
127949,0.765873
139804,0.556573
354733,0.424145
45475,0.171429
146544,0.806366
223701,1.69866
238440,1.74923
600228,0.34611
45560,0.2
148355,0.135714
752773,0.418594
767741,0.413346
776011,1.32838
837486,0.114907
809396,2.48023
45745,0
48816,1.61999
45941,0
46184,0.49359
211424,1.31111
46345,0.142157
46381,0.574242
46429,0
76658,0.152632
136075,0.486111
406583,0.289907
628684,0.180252
772721,0.199733
804559,0.792055
46460,0.28373
46626,0
87113,1.76995
241813,0.861849
334829,1.43228
577720,3.324
46727,0.351812
117001,0.545389
578744,0.41847
763554,0.794444
46784,0.427871
617568,1.19841
805208,0.634066
69153,4.15316
83554,3.25913
227487,0.211551
683686,0.155952
800426,0.421102
81619,1.17222
46814,0.25
659299,0.305556
789721,1.59136
842269,0.965925
654490,1.89783
133119,0.3125
394806,2.92484
542549,3.17619
551815,4.744
628981,0.627091
196969,2.60842
300024,0.55072
47134,1.07108
443997,1.82398
571845,0.299242
758601,0.728268
797056,2.44645
837592,0.284206
47246,0.457576
67561,1.29091
107877,0.465249
224186,1.06957
48061,0
585574,0.845979
766078,2.09763
852688,3.78714
48123,0.0769231
48126,0
48265,0.166667
48566,0.948632
52382,0.901854
85776,0.652715
154548,0.541613
224294,0.597535
339490,0.299181
805661,1.38916
817369,0.592313
835894,0.025641
838524,0.344328
943936,0.477373
48587,0.138889
359062,1.94022
48806,0.0909091
48811,0
192338,0.138889
779670,0.532937
885375,0.966044
233035,0.625137
247966,0.787731
368451,0.464282
847735,2.16736
855531,1.43106
48903,0
935330,1.88175
48908,0.789044
49026,0.666667
215058,0.615152
270667,1.12325
325443,1.2869
521851,2.00904
946560,0.601263
49062,0.25
146490,0.499936
335747,1.5238
757342,5.51795
771905,1.28594
683750,1.98743
49163,0
49180,1.55
66228,1.31158
49367,0.276923
49374,0.361765
229157,0.631422
777210,3.23377
49797,0.448925
830538,4.60619
50034,0.30176
582930,1.4455
842611,0.504824
339577,0.930603
755519,0.517223
940583,0.444454
946137,1.00738
50581,0.125
50588,0
50967,0
207644,0.317284
333643,1.13813
586798,2.55952
51230,0
119111,1.7
51233,0.25
120487,0.83461
345427,1.28913
404345,1.01836
417607,0.628156
500664,1.78656
843607,0.770301
51603,0
75591,0.0588235
186185,2.38692
293490,0.55177
374126,0.684996
579458,1.16071
641626,0.0588235
751613,0.923066
829267,0.539149
988471,0.483677
51736,0.936572
51909,1.70244
541125,1.96735
784760,0.371242
135032,1.69237
807121,0.192857
669511,2.96014
52062,0.125
892775,0.333333
52093,0.376504
52151,2.59505
128585,0.862241
923432,1.39482
181694,2.56488
53204,0
797205,1.10807
272567,1.92266
53221,0
949259,0.666874
53441,0
53606,0
43499,0.6875
345734,2.45334
670088,0.170859
53916,0
187907,1.66667
54982,0
924318,0.5
960674,3.11972
101701,0.880065
55778,0
184267,0.962251
80443,0.111111
55939,0
161830,0.111111
212614,1.43254
954817,0.752778
56193,0
634377,1.15766
57124,0.183333
75825,3.34883
57151,0
765595,1.42379
813731,0.736618
425105,4.34437
57188,0.266667
57205,0
864257,0.721963
57280,1.33333
170211,0.21978
57497,0.2
57577,0
57636,0
249973,1.95856
420539,1.09004
57840,0.146825
179730,1.79872
57923,0
58360,0.0526316
58361,0.142857
827367,0.108333
838559,0.660145
58386,0.479463
625736,1.18429
194018,1.29623
204708,1.79937
309328,2.2589
620121,1.02713
668302,0.664261
776562,0.427732
807489,1.16177
58934,0.142857
206241,3.02571
296903,0.464423
566918,0.398495
567862,0.661315
812802,0.378048
926428,0.527236
58947,0
269972,1.70026
80428,0.484499
59503,0.0909091
428717,1.26725
90803,1.93897
59758,0.125
193342,0.47619
59949,0
59989,0
631535,0.399813
2368302,0.477994
60012,0
61041,0
308742,0.314271
492037,0.581259
568137,2.20991
569402,1.32024
748904,0.240909
933633,0.0879433
83013,4.04253
482787,0.807321
624215,0.147917
816517,1.56084
930642,0.240909
570825,1.68544
180449,0.149206
208076,3.75609
243474,0.875599
254535,0.535532
61273,0.562271
674011,0.876557
830319,0.678211
891907,0.309524
893719,1.1296
239961,0.669656
820232,1.39893
61637,0.776923
687487,1.12845
61792,0
487271,1.87897
61912,0
62002,1.56023
62270,0.125
62412,0
517074,2.7191
62455,0
62609,0
582024,0.329152
795341,0.340397
799644,0.0714286
165855,2.525
62729,0.583333
109735,1.83757
483848,0.272412
937098,1.75455
62860,0.0884615
764890,1.31751
520545,2.95877
63340,0
490763,0.82619
64149,0
64199,1.78654
227527,5.6172
126144,0.225
64830,0
253457,0.47619
64954,0.125
65040,0
228266,0.327213
65620,0
127369,2.32432
65882,1.63799
201678,0.898242
245760,1.80258
334770,1.4184
684253,0.857082
802745,0.431624
66395,0.691804
683658,0.142857
66429,0.738519
780451,2.65067
66514,0
745617,1.06508
784527,3.03
66800,0.125
790227,2.31634
66869,0.333333
89713,0.559573
112540,1.34484
154533,3.83878
342768,2.47134
796950,1.52056
813092,1.54206
898336,1.06897
310789,0.547619
67406,2.0417
288111,2.33333
67529,0
488921,0.458333
673621,2.94444
67631,3.35345
553483,2.40629
763237,1.68438
926307,0.2
1608941,0.550595
756518,1.16667
378041,0.263889
794846,0.911368
808214,0.393598
74340,1.14444
245992,0.935256
68896,0.201923
68934,0.35049
190888,0.0625
192260,0.640278
228444,0.18799
314050,0.272024
361973,0.139423
666763,1.31171
934350,0.1625
171150,1.22882
492275,2.18595
553810,0.197619
837150,0.618347
69348,0.0714286
69402,0.860504
141838,1.34593
320845,0.385834
339624,0.733989
347148,0.263462
492466,0.47392
623254,0.576697
143494,1.61439
69761,0.166667
69805,0
153519,0.958333
151431,1.41424
198783,2.22496
554963,0.561508
811622,0.817493
211197,0.75
70534,2.83377
342833,1.35
70586,0
498961,0.22356
620495,0.330704
921710,0.813078
70704,0
494474,0.0909091
504276,1.18559
776659,0.487985
620386,0.916667
71166,0
183715,0.0714286
763601,0.304286
74134,1.4237
476356,0.416667
483334,0.5
71636,0
456896,0.362037
72109,0
200775,9.18666
72716,0.0333333
327735,2.9486
72861,0
318966,0.333333
375945,1.14395
72941,0
185018,0.583333
211095,0.35
72998,0
195237,0.459149
73383,1.51429
135273,5.79687
502398,0.597394
73444,0
73553,0
577590,1.03056
827250,1.00202
73682,0.2
761341,0.676874
73914,0.0769231
73969,0
74005,0
93533,0.640873
74397,0.2
286483,0.653089
738182,0.322324
792583,0.543789
74452,0.130952
333175,1.13333
74520,0
135543,0.241313
490620,0.544239
807026,0.203175
74776,0
753685,2.49812
750970,1.34247
190012,1
74952,0
896965,0.0588235
1043986,0.224314
121459,0.278846
178889,1.81119
75308,0
96744,0.677302
819983,1.29284
75329,0.1
75394,0.808127
359494,1.66773
489606,0.142857
298764,0.4
372322,0.333584
754055,0.0666667
924508,1.0003
87597,0.907673
302765,0.87296
76561,0.426742
179126,0.266667
848952,0.566667
76788,0
334644,0.793463
762821,0.181319
486305,1.65533
630882,0.509524
402872,2.44938
77264,0
111934,0.674242
77560,1.02941
77578,0
668922,0.347222
930204,1.15431
77662,0.305556
749272,0.5
77732,0.162338
77952,0
765302,0.326923
790509,0.401054
77963,0
246628,0.425009
78191,0.303461
78467,0
116178,2.03004
78532,0.047619
78758,0.311111
169526,1.82701
251925,0.998179
334101,0.359463
918400,0.588118
85915,2.4212
132579,1.54178
847880,0.245455
79959,0
235169,0.611351
655547,0.392618
80118,0.889181
772191,0.716588
80340,0
405903,0.415054
462110,0.33
475431,0.125
80358,0.333333
752770,0.375923
140521,0.166667
80494,0
811897,0.586904
80609,0
80649,1.37345
160054,1.95517
210425,0.721577
591048,0.276395
945196,0.31136
31441,0.292157
245489,0.281046
324854,1.93517
81079,0.136364
343940,1.74927
81231,0.321429
489845,1.19405
81248,0
891575,1.16329
107090,1.1999
407300,0.304141
562030,0.310635
885875,0.202302
186125,0.19625
196690,0.891593
351227,0.197438
359613,1.31094
399659,0.761726
939565,0.0816667
81683,1.4751
85448,1.96196
109637,0.148352
81739,0
346637,4.18961
81832,0
81836,0.0833333
147245,0.559524
81841,0
424292,2.0548
558596,0.85
81849,0
149946,0.588128
82037,0.0625
82149,0
82955,0
94658,1.4892
576839,1.23915
764636,0.334499
83106,0
83194,0.700433
182884,0.606746
90188,0.694874
83859,0.786111
67900,0.0555556
110341,0.664996
406575,0.0555556
536275,1.45133
593930,0.35863
84258,0.0714286
236287,0.764113
240081,0.969227
288904,0.5966
780005,1.62454
84387,0
84446,0.333333
169228,0.0555556
197460,0.296506
402351,0.936891
887638,1.90556
84777,0
130028,1.41299
84886,0.125
85038,0.183333
803009,1.73728
85271,0
109421,1.46908
85397,2.55882
366164,2.19858
402249,2.72163
488859,0.419298
200882,1.03371
582253,0.322319
73605,0.153846
477523,2.64561
828768,1.92339
86250,0
125561,0.130458
376422,0.0769231
359179,0.148352
788569,0.65021
86826,0.219073
86828,0
86927,0.486111
234647,0.116883
305468,0.475148
932665,2.75382
1878899,1.46255
87179,0.990054
99888,0.0666667
151979,0.925898
181321,0.331187
479113,0.853472
683085,0.471955
890799,0.0666667
36402,0.0714286
87697,0
606283,0.212121
87741,0
860080,1.84472
87922,0.2
664194,0.905195
88035,0.266667
201297,0.165641
822910,0.04
203711,0.702629
88587,0
680374,1
89018,0.878615
194036,0.527457
463435,0.345435
89058,0.0769231
89071,0
89305,0.386983
1908947,0.0714286
89306,0
403184,2.03252
760977,0.374107
583935,0.333333
1266,0.642857
89828,0
742673,0.277778
94890,0.517016
89870,0
120060,1.27369
414016,1.06582
89873,0
90018,0.222222
503279,0.44359
90079,0.106443
686560,1.06168
518313,2.67549
90124,0.0833333
660507,5.76097
829125,0.25
90169,0.1
90174,0
590483,0.976623
165736,0.399393
90945,0.0714286
186734,1.55088
150530,0.5
91312,0
232480,2.34722
787757,1.16567
91549,0
154417,0.183824
172041,0.611659
91651,0
91763,0
91852,0
92107,0.5
490738,1.05108
578999,6.50408
681956,0.466917
780258,2.76884
92507,0
669473,0.672641
93565,0
495455,0.0625
988529,0.0625
93566,0.52523
568071,0.834168
93632,0.518765
135378,0.413067
952794,2.66854
93849,0.174603
93859,0
746731,1.71513
93872,0
790667,0.651887
898188,0.333333
94126,0.97431
496487,0.814383
337856,1.37361
947816,2.42447
133832,1.18194
228087,0.827579
768027,0.399733
889449,0.111111
338179,0.233333
94792,0.472222
184637,0.138095
611007,1.14359
785773,0.320617
94861,0.0833333
480108,0.239776
503602,0.411998
504815,0.509333
610346,1.47938
949619,0.741359
95176,0.5
95613,0.770071
118493,0.12549
188843,0.37549
219021,0.725063
219243,0.923451
292559,1.44216
931086,2.31639
96576,0.14
149840,0.418709
167386,0.639735
266534,0.65058
328288,1.60538
491996,0.0357143
753094,3.46335
898331,4.20519
96679,0
96701,0
829643,0.765042
96804,0
96944,0.03125
310455,0.166667
802464,1.27584
97065,0
97173,0.230952
97200,0
751256,0.188312
893383,0.536706
97203,0
169317,0.0769231
97384,1.25758
651187,0.0714286
97395,0.0625
97426,0
97491,0.04
97509,0
97654,0
244073,0.635747
97786,0.04
97949,0.0666667
172772,0.0625
201022,0.0625
338887,0.0625
509367,0.0625
98361,0
589630,1.12873
592595,0.246324
812711,1.49771
377891,0.458761
611881,1.80734
835648,0.766593
98467,0.0625
98688,0
296601,0.0588235
385879,0.0588235
662642,0.0588235
956093,0.0588235
98707,0
98944,0.0434783
99104,1.05638
315142,0.0666667
99449,0.303797
99508,0
215041,0.100251
99730,0
296024,4.4148
779209,0.293478
99770,0
100116,0.644444
256831,0.2
580485,0.271429
100197,0
100496,0
100575,0
281564,0.166667
391285,0.166667
393257,0.916667
100659,0.0833333
100840,0
225389,0.905952
634674,0.533333
101072,0
244537,0.658333
275757,4.39722
782191,1.99335
101164,0.0769231
101415,0.0833333
101575,0
101628,0.142857
101776,0.36956
255887,0.82549
424117,0.1
193025,0.0526316
330453,0.0526316
209773,0.392857
299277,0.142857
102750,0
1340026,0.166667
102781,0.111111
102964,0
102985,2.26829
607967,0.535256
766066,0.235172
778363,0.0769231
832341,0.14359
103033,0.148352
774956,0.301923
664883,0.142857
677842,0.850251
1211412,0.125
103460,0
855356,0.047619
103600,0
211483,0.974821
258090,0.639312
275832,2.508
585092,0.654589
745316,0.850839
747984,0.405978
951384,1.2454
104217,0
104388,0.233333
791318,0.79478
145086,0.218056
104548,0
891032,1.90859
496525,2.17949
924232,2.86412
105030,0.142857
315339,1.21046
358641,0.302413
803544,0.649927
105129,1.82801
771419,0.163743
105329,0
387720,1.35344
741525,0.183824
961133,0.344777
569644,0.229417
105462,0.125
105638,0
290502,2.20198
665860,0.320513
105685,0
106145,0
303506,6.19952
312890,3.63373
516929,1.52246
824219,0.916667
106916,0.111111
122023,0.465873
321321,1.24567
303050,2.44132
107227,0.1
481354,0.373779
493848,3.02138
584257,0.34009
107249,0.166667
107466,0.364899
107556,0.0434783
205520,0.227946
480830,0.846189
664618,0.5
107753,0
788582,1.64444
216846,1.23102
107950,0
401287,0.936959
108124,0.252632
788937,0.634387
869409,0.333333
108249,0
239655,1.74527
792051,0.142857
922811,0.142857
108265,0.25
148305,1.19599
108283,0
108340,0
251361,0.884522
520033,0.642328
797147,0.11859
108774,0
109012,0
109202,0
109263,0
109274,1
418662,0.702252
753617,0.535515
806168,0.242632
109542,0
109628,0.5
758999,3.1921
588943,0.576786
109669,0.2
164750,0.142157
109784,0
493412,0.392857
110011,0
768010,0.177778
110454,0
191699,0.703613
110541,1.58277
110564,0.0416667
110791,0
792733,0.757359
884449,0.20202
110792,0
110945,0
111963,0.146465
741380,0.681818
111969,0
776576,0.5
954694,2.17619
112204,0.5
617336,0.123333
113082,0
347639,0.0909091
226331,0.790079
450700,0.898413
113721,0
181329,0.353968
115079,0
115140,0
115544,0.2
317108,0.271429
625201,0.3
756291,0.840965
116425,0
533117,1.0582
596451,0.364261
667669,6.57295
674887,2.00748
958839,0.121429
116465,0
500298,2.33333
667556,0.25
117064,0.768677
117356,0
359559,0.166667
355451,0.714913
310383,3.06147
117990,0.390909
118189,0.288297
118243,0
821590,0.143541
118384,0.311508
123345,0.125
210757,0.125
316340,0.291667
118503,0
299882,0.755036
80657,0.753114
816895,0.503968
118664,0.323596
366407,0.974241
118665,0
118791,0.255556
118798,0
475362,0.668968
570046,0.183333
809446,0.25101
833782,0.74554
118853,0.894788
118979,0.0555556
119058,0
119469,0
191680,0.449242
141256,0.897222
296402,0.511012
119655,0
214593,0.957013
221844,0.124647
675710,0.226216
687561,0.722653
790604,0.300714
829122,0.285007
120163,0
120411,0
647796,2.11538
120412,0.05
753706,2.29524
121236,0
121318,0.21978
121584,0
809334,1.15241
197532,1.72619
121746,0.0588235
615026,2.64286
919525,0.735265
121778,0
121863,0
25047,0.225
122219,0.142857
576718,0.449911
672498,0.520635
757157,1.26429
122252,0.451659
742980,0.125
746407,0.125
122381,0.1
255733,0.366667
122738,0
234844,0.605514
122795,0
123363,0.77549
123515,0.05
123754,0.0714286
124248,0.166667
187413,0.025
197364,0.576955
239638,0.787451
389213,0.313232
124881,0
125088,0
837215,1.44388
866841,0.725962
125506,0.220513
167361,0.417832
340152,0.144632
125822,0.281746
125829,0.05
259240,0.166667
623518,0.403704
814340,0.277778
125940,0
126048,0.257576
126168,0
126287,0
560208,1.76481
575695,0.400933
126731,0
257141,2.31803
126782,0.241097
190531,0.0454545
237517,1.06925
268990,0.277284
683065,0.353628
933883,0.160455
126862,0.05
126903,0.2
127301,0.142857
359199,1.33825
768149,0.2
127451,0.81776
333573,1.1899
755570,0.417316
755792,0.0833333
127766,0.105169
127889,0.257576
127898,0
135391,1.11422
609966,0.302778
128141,0.22549
128143,0.944444
128231,0
167399,0.25
128244,0
128266,0.245594
805332,0.35
128290,0.427314
358532,0.130303
275130,0.0990338
831236,0.320342
128873,0.75
129254,0
146354,0.715152
214546,0.140909
743966,1.3068
129551,0
129591,0
129637,1.84567
818593,0.168478
259270,1.57798
591902,0.153846
762652,0.920152
826660,0.530658
129945,0
296487,0.488095
130036,0.324242
130037,0.166667
75801,0.269167
350585,0.2
130418,0
130552,0
130686,0
130855,0.143541
221603,0.196429
234488,1.29166
269172,0.336111
788568,1.99865
130922,0
695019,1.14286
796166,0.879138
887719,0.802381
692251,0.221161
131038,0.357143
131178,1.19221
898828,0.624145
131603,0
622379,0.445049
767095,0.190476
189701,0.403114
132849,0.166667
132856,0
958076,2.14527
133177,0
498987,1.60465
133420,0
133528,0.119298
133719,1.75409
642796,0.0714286
781932,2.13719
133883,0
240252,1.7293
133957,0
165068,0.2
502371,2.5686
149173,1.5
133988,0
786245,0.587037
134051,0.125
194039,1.06667
760154,0.667737
134761,1
808198,0.452632
661974,0.174242
135740,0
136124,0.611111
661525,0.846095
793821,1.94692
820999,0.176923
137401,0.0588235
137430,0
197040,0.855556
137904,0
861687,0.819048
137980,0
138071,0.0909091
230667,3.61111
138235,0
138271,0.640693
294197,0.402778
597965,0.361989
138335,0
138407,0.205128
138837,0.460852
873886,2.84286
56913,0.280952
746010,0.52053
390532,0.145629
139212,0
139475,0
139566,0
300013,0.25
139655,0
139709,0.503409
139741,1.0103
667020,0.285256
683795,0.70655
271029,1.43715
60476,0.111111
141681,0.384731
141683,0
193963,0.157485
251604,0.191506
299776,0.0879433
355616,0.203267
770007,0.431533
778906,0.0535347
799100,0.126795
806740,0.0212766
815090,0.358505
141774,0
609396,0.612045
750456,0.0909091
141893,0
184811,0.925631
163198,1.04135
142208,0.448485
287860,0.309524
142249,1.19854
91122,0.0588235
253232,0.433824
351842,0.369935
492162,1.70279
799348,0.12549
807949,1.3952
869417,1.23575
142963,0
633079,0.228758
143490,0
143749,0.25
143781,0
497760,0.277778
143951,1.29264
144629,0
398259,0.880195
2825814,0.0526316
485991,1
145489,0
146478,0
467382,0.270833
746182,0.183333
902138,0.344623
933568,0.125
146551,0.0769231
146755,0
146796,0.142857
147082,0.298086
762921,0.111111
147306,0
147316,0.757576
203695,0.369513
147468,0
186805,0.0909091
251491,0.533383
508443,1.96366
147771,0.142857
147785,0
383889,1.07951
758630,0.420952
148004,0
148227,0
158656,0.690909
251033,0.25
664346,1.05882
414889,0.809524
280445,0.294048
300534,1.06349
149102,0
149166,0.45119
330634,1.21016
624504,0.097619
165294,0.0625
225948,0.395455
204714,0.942496
150181,0
175087,3.15556
151240,0
204968,0.0833333
674310,0.0833333
202033,0.0555556
461737,0.0555556
522377,2.64946
184814,0.579549
198901,2.41933
516706,0.138095
151469,1.5297
151504,0
665908,0.889881
151549,0.0714286
343954,2.43245
75665,0.0666667
153526,0.979035
188342,1.05558
238506,0.299242
781423,0.290909
152384,0
153103,0
153129,0
401114,0.0909091
255770,0.3
153503,0.433333
153630,0
153915,0.0625
183139,0.287546
680065,0.166667
153933,0
254556,0.142857
154297,0
239827,2.30833
173487,0.211905
320426,0.0285714
421315,0.270238
137137,0.293651
154822,0
275386,0.153409
155091,0
159312,0.375
155170,0
344729,0.708333
942624,0.25
155801,0
793022,2.04373
156122,0
156484,0
156749,0
156938,0.267857
90011,0.0434783
836313,0.0869565
866417,0.0434783
156950,0
157063,0
157377,0
158018,0
158540,0.326923
940831,0.527513
480086,2.46987
158765,0
158849,0.602322
919598,0.321007
158888,0.316667
401066,0.433929
467749,0.0625
930722,0.0625
159340,0.342857
776371,0.612391
159655,0.24359
159791,0.0909091
152228,0.208333
399437,0.0416667
160742,0
474648,0.454951
249303,0.380952
314372,0.047619
161436,0
161637,0
235881,0.865873
753237,0.279657
282766,0.658901
489209,1.07102
610339,0.521931
687933,2.16993
162265,0
352999,0.152778
77698,0.479167
162794,0
162943,0
163059,0
943827,0.963294
163213,0
163435,0
167220,0.0666667
511041,2.23333
163570,0.566038
287350,1.47221
163577,0.0769231
163977,0
165345,0.0833333
164175,0
648407,0.628822
164189,0.0384615
164504,0
689367,1.33417
608166,0.211111
164686,0.408333
633078,0.472882
574057,1.66848
165076,0
898275,0.633066
165077,0
165117,0
165162,1.46751
165354,0
165652,0
301404,0.119298
392553,0.0666667
220946,0.111111
248916,0.166667
228714,1.92063
166025,0
1097,0.1
166033,0
258882,0.370964
271113,1.01258
449578,0.152632
673486,0.574854
944105,0.1
166291,0.328904
262794,0.314534
947563,0.239899
166505,0.166667
240923,0.85859
166658,0.37037
166767,0.32197
167296,0.142857
588112,0.371324
167762,0
168110,0.142857
168126,0
414745,0.312835
168256,0.332251
838414,0.0910816
169088,0
590265,0.671569
169099,0.215
247545,0.684603
169124,0.222222
169189,0
169239,0.454701
409670,0.645723
169818,0
169856,0.115736
352524,0.0909091
169948,0
170214,0
170758,0
487535,0.43638
170879,0.673214
282800,2.21409
636394,0.509314
850693,0.344555
171015,0
489207,0.228312
171220,0
824866,0.854809
763341,0.266667
171726,0
171854,0
171889,0
190235,2.17424
171994,0.157576
172205,0
172582,0.842857
324646,0.548559
475980,0.332538
863102,1.20596
212129,0.0909091
492663,0.20202
758194,4.18702
172770,0
173007,0
173647,0
174007,0
339905,0.199874
174132,0.137037
174198,0
174506,0
767129,0.0909091
958768,0.171861
175025,0.142857
771269,0.145833
175049,0
170330,1.31591
959775,0.333333
175379,0.291667
298225,0.0666667
781350,0.0666667
787702,0.12549
175459,0
175525,0
221894,2.47877
175538,0
646353,1.03109
175579,0
261087,0.04
363100,0.04
786360,0.251455
78242,0.80484
639697,2.2754
804706,0.297619
175992,0
222974,0.6739
654543,0.0555556
924780,1.25379
324819,1.12941
176083,0
176148,0
176256,0.0454545
176332,0.337037
125528,0.1
797670,0.1
243812,0.277168
411830,0.0333333
918600,1.03333
948061,0.328755
176360,0.210145
176859,0
177117,0
177336,0
771792,0.566667
177372,0
177588,0.293256
685751,0.978943
769876,2.35853
177856,0
337119,1.9131
177957,0
412134,0.302381
1292549,0.254762
178051,0
185810,0.164502
611929,0.970046
947576,0.0454545
784766,0.285238
178143,0
943268,0.304616
178345,0
178549,0
933809,0.769881
178621,0.225
178645,0.0833333
142767,0.2
178654,0
216294,0.2
424302,0.2
491786,0.2
178750,0
178799,0.558333
179105,0
179191,0
279141,1.51869
179335,0.348545
179636,0
179698,1.22917
179714,0
180023,1.55049
180503,0
180516,0.142857
319945,0.625
524050,0.725709
230784,1.16374
800332,0.163743
823482,0.0526316
893111,0.824071
181719,0
181817,0.166667
182302,0.22619
370703,0.283694
785357,0.122222
516202,0.125
532487,0.25
183311,0
183699,0
183777,0
187162,0.321316
834466,0.587334
184199,0
791480,0.388763
837985,0.297854
184208,0
825387,0.49359
184406,0
184451,0
184471,0.482236
329883,0.2
185155,0.0714286
185383,0.0454545
798113,0.330891
308762,1.70202
185440,0.416667
185543,0.0322581
185591,0.0909091
846092,0.257236
849246,0.248897
185617,0
185669,0.194444
185999,0.1
186096,0.52422
186390,0.125
186440,0
668127,0.25
186481,0
187172,0
756772,0.505648
187422,0.125
636106,1.30152
264350,0.642857
188206,0
188261,0
67539,0.0625
636382,0.133333
848572,0.540873
188467,0
188697,0
188809,0
189229,0
366889,0.283333
673360,2.02738
954646,1.2
189831,0
189848,0
945269,2.28144
759668,0.20202
190843,0
684920,4.6185
401166,0.0769231
191070,0.05
191175,0
505047,0.510256
776301,0.313889
191983,0
193802,0.111111
192840,0
193305,0
193444,0.0769231
193594,0.0227273
194008,0
194063,0.437091
194246,0.211429
194743,0.25049
249420,0.244048
195305,0.394298
16448,0.4316
195373,0
195634,0
202187,0.236111
196200,0
196254,0
196544,0.0909091
144349,0.111111
196976,0
686577,0.563686
216348,0.65
220312,0.2
267411,0.2
274520,0.2
300659,0.563095
197475,0
197582,0
197757,0
807028,0.391504
198302,0.465397
198426,0.142857
198922,0.225694
199089,0
199194,0
199917,0.111111
200322,0
200777,0.420635
201593,0
201668,0
988655,0.583333
882950,0.947619
201716,0
212200,0.623232
201958,0.0909091
201983,0.565152
792018,0.368687
202084,0
202089,0
202162,0
796736,0.28906
655273,0.61829
203592,0
929776,0.97619
830028,1.37197
203764,0
203765,0
204847,0
204850,0
205442,0
575379,0.36014
205627,0.0909091
205838,0
255347,0.183824
420504,0.0588235
957340,0.80251
621959,0.45
205959,0
696668,0.2
801615,0.2
206167,0
206465,0.409581
743760,0.582059
206538,0.278943
206668,0
477954,0.301242
207290,0.1
207360,0
306446,0.475259
806507,0.954762
296815,0.453277
208893,0
391003,0.0714286
768231,0.309524
946563,0.17373
208997,0.0555556
209019,0
120615,0.160256
210142,0
601079,0.884853
210143,0
210276,0
121157,0.268687
738674,0.0909091
210830,0
253734,0.181818
258741,0.367832
314505,0.460965
211146,0
2130,1.21667
256575,0.6
211570,0.140122
211578,0
255210,0.213967
392299,1.29476
884686,0.433303
212006,0
502351,0.125
674163,0.125
213510,0.308608
213561,0
216986,0.1
302774,0.1
304102,0.716667
341652,0.273644
214383,0.0294118
214580,0
335302,0.598413
863774,0.0434783
808212,0.621471
215296,0
254215,0.556573
280960,0.148352
381371,0.271429
215513,0.2
1606776,0.0833333
215997,0
216586,0.111111
217344,0
166383,0.0714286
217641,0.0769231
660053,0.22699
775323,0.518271
217792,0.403472
217963,0.333333
217994,0
838875,0.253268
218473,0
574143,0.0769231
218709,0
897783,0.142857
352294,1.2
380259,0.783333
781732,1.16053
219287,0
219428,0.5
219655,0.125
300035,0.0526316
220024,0
220403,0
221059,0.786111
221426,0
221445,0.605812
221660,0
221803,1.78036
222153,0.2
222387,0
222601,0.143541
222748,0
222959,0.395833
116087,0.166667
223523,0
400279,0.653114
223683,0
223861,0
224345,0
927650,0.879092
224925,0.0909091
225607,0
225690,0
245133,0.75
245292,0.916667
225754,0.0526316
225944,0
852842,0.426587
761064,0.0909091
226420,0
226556,0.0526316
771470,0.333333
226908,0
644880,0.309222
752673,0.735714
227697,0.45
950441,0.0833333
227708,0
228058,0.0625
504169,0.472024
511029,1.95833
765900,0.0714286
228180,0
65094,0.1
228371,0
828507,0.361111
228889,0
230105,0
230111,0.25
230244,0
230297,0
597875,0.0833333
230845,0
230886,0.7
230963,0.5
231013,0
231225,0
231342,0
231397,0
232598,0.0666667
775406,0.228002
233136,0.111111
551465,0.300846
621423,0.393109
808336,0.980429
951375,0.0625
233147,0.1
290853,0.253968
233300,0
1233067,0.0909091
234192,0
98278,0.166667
234374,0.2
269390,0.315909
751623,0.632005
620578,0.125
237668,0
241004,0.5
237773,0.2
769109,0.5
287092,0.966667
238245,0.533333
238686,0
524522,0.654191
649435,1.54165
238968,0
480472,0.25
567374,0.25
296802,0.209213
926237,0.540916
936095,0.417503
790078,0.259656
240009,0
99198,0.0833333
763551,0.25
279097,0.166667
783909,0.166667
240267,0
326096,0.1
742166,0.459499
240503,0
241635,0
241650,0
242473,0.116923
242578,0
852810,0.196429
242949,0
855780,0.25
491802,0.244185
762177,0.606342
243012,0.0454545
243238,0
243418,0.0625
746387,0.356505
244048,0
244608,0
511773,0.166667
950571,3.6748
245250,0
426564,0.05
487534,0.05
651796,0.05
674161,0.738034
737886,1.52327
753507,0.05
796439,2.73056
245513,0
245534,0
765435,0.277778
246032,0
246127,0
246169,0.590909
300583,0.133584
246487,0
247065,0
247699,0
247824,0.333333
118128,0.25
247963,0
248452,0.166667
248920,0.682179
249444,0
831708,0.125
833631,0.208333
249528,0
250798,0
250976,0.471512
251206,0
251210,0.209524
251437,0
251851,0
663455,0.125
252026,0.166667
263852,0.244444
252315,0
252495,0
781399,0.333333
252509,0
252513,0
253076,0
253137,0
253296,0
253397,0.45
253408,0.398741
253657,0
287407,0.620635
673933,0.860965
933898,0.4
276381,0.412525
253914,0
254083,0
540010,0.0909091
254411,0
316611,0.0555556
574102,1.64053
254827,0
254972,0
255051,0
568368,0.106335
255268,0.5
255377,0
255576,0
614982,0.0833333
813485,1.92063
256482,0
256528,0
256557,0
256951,0
256974,0
380235,0.0871212
257160,0.21735
257364,0
257787,0.111111
580058,0.381405
258000,0.766667
373592,0.410256
662797,0.689103
258514,0
258567,0
258947,0
828740,1.01111
828756,0.4
260007,0
669303,1.87063
260384,0
261106,0
261332,1
639789,1.09127
261623,0
919846,0.0454545
263271,0
168993,0.19152
263995,0
264430,0
264499,0
264617,0
266063,1.16667
1055285,1.61496
266129,0
333447,0.212121
266151,0
322279,0.25
354189,0.0714286
266503,0
268700,0
647834,0.212233
931567,1
270060,0
270243,0
807068,0.566667
270770,0
59699,0.0909091
272563,0
272713,0
273105,1.69354
40695,0.571429
369389,0.0714286
274637,0.25
274822,0.192675
275335,0
51740,0.20078
333539,0.834613
672269,0.037037
851639,0.20078
861757,0.037037
293897,0.125
795841,0.125
3099573,0.125
276626,1
276917,0
277059,0
459616,0.408197
585896,0.18254
1006765,0.50754
277496,0
277572,0.892857
277764,0
278644,0.25
279308,0
279315,0
279395,0
280692,0.14359
280897,0.2
281225,0
281953,0
282752,0
11028,2.36111
282912,0
283015,0
283335,0
284207,0
284546,0
285232,0.688889
285693,0.283333
286092,0
650525,0.0714286
108446,0.644444
286439,0
894831,0.566667
286518,0
286530,0.237374
286572,0
199090,0.0357143
951374,0.0357143
286639,0
679219,0.153846
341672,1.43601
956268,0.0526316
987922,0.219298
96142,0.309524
288154,0.712661
288350,0
38291,0.0909091
608135,0.5
288985,0
289058,0
320442,0.0833333
289599,1.34952
289629,0.236111
290775,0.111111
291235,0
293391,0.0526316
293448,0
293969,0
294126,0
295274,0
295285,0
295933,0
295976,0.0909091
91879,0.277778
108554,0.477778
565634,1.29174
903009,1.39008
297569,0
298766,0.180195
299429,0.295489
900349,0.1
803752,0.125
300578,0
302026,0
367417,0.0909091
77306,0.2
302955,0
303422,0
144538,0.210256
303651,0.0833333
305335,0
29609,1
306851,0
307083,0
307102,0.125
639056,0.812041
307913,0
308013,0
757335,0.47619
309839,0
310724,0
310905,0
757177,0.142857
923801,0.6
194380,0.267857
468632,0.25
822874,0.267857
312004,0
268161,0.125
741731,0.125
312062,0.2
312126,0.0769231
312464,0
312657,0
313128,0.126923
482572,0.0434783
313521,0
314346,0.883766
605965,0.333333
314576,0
314923,0
315104,0
783025,1
315909,1.45
316269,0
317129,0
927373,0.155263
317571,0.111111
288830,0.543478
318085,0.486111
670226,0.775918
318882,0.25
800926,0.29895
319846,0
773407,0.2
319956,0
320470,0
321126,0
321944,0
746915,0.5
322339,0.215909
322365,0
597736,0.720235
322642,0.172266
322765,0
323641,0
325357,0.1
216212,0.0714286
918569,0.142857
759998,0.154429
327130,0.143541
328201,0
355412,0.713783
921384,0.166667
328824,0
328956,0
329232,1.02897
329542,0
329978,0
330061,0
793664,1.47885
665944,0.111111
786080,0.281566
583723,0.825
818366,0.125
331323,0
923323,0.273352
82639,0.75
331666,0
555695,1.25
801762,0.215909
332536,0.142857
1431398,0.416667
894664,0.0833333
333648,0
355555,0.881346
333766,0.0526316
856451,1.125
333903,0.125
334041,0
334054,0
334216,0
577261,1.16667
334243,0.142857
335431,0
843106,0.0714286
169578,0.177632
337404,0.142857
468911,0.125
685031,0.125
338287,0
338593,0
642427,0.25
340527,0
342004,0
342691,0.0666667
343215,0
343455,0.253968
344037,0
344332,0
344609,0
345227,0
345426,0
345708,0
627250,0.357576
346684,0
600640,0.102632
620603,0.0526316
346806,0
614455,0.219298
347151,0.196221
677352,0.0883459
347451,0.04
354883,0.2
347741,0
348884,0
350139,0
574119,0.21978
371879,0.166667
350892,0
587608,0.5061
352164,0
352575,0
352770,0
354609,0
948333,0.0833333
355052,0
355142,0.0769231
355208,0
355998,0
688515,0.32619
356422,0
357057,0
765773,0.25
358528,0
359026,0.344298
359123,0
405522,0.22252
502978,0.03125
359555,0.25
762990,0.0714286
360948,0
360956,0.0833333
130402,0.338194
887718,0.142361
361541,0
391519,0.0714286
363307,0
403454,0.25
363327,0
364861,0.2
365542,0.0714286
365821,0
366681,0.5
681154,0.282069
762885,1.55521
804431,0.313475
367156,0
367188,2.54722
761179,3.65397
790797,0.166667
367231,0
132940,1.5
367272,0
163835,0.142857
369183,0
1839912,0.1
369955,0
370326,0
371530,0.125
372986,0
785101,0.637979
375101,0
385180,0.0782726
747243,0.025641
376793,0.125
376888,0
377035,0
377060,0
406733,0.628788
333181,0.0322581
406898,0.0322581
574483,0.5
380651,0.125
380737,0
382565,0.166667
382630,0
382671,0
383056,0
383853,0
745568,0.2375
806991,0.0909091
385393,0
385766,0.05
385797,0
796281,0.0625
386560,0.458333
387095,0.315909
387097,0
104314,0.142857
147294,0.142857
674262,0.142857
387219,0
387352,0
388167,0
388773,1.02424
388972,0.0625
389378,0
390185,0
611104,1.23333
888484,0.277778
956973,1.42778
390743,0
739041,0.45
391151,0
391177,0.142857
391586,0
392856,0
392925,0
610880,0.340278
868174,1.05556
393031,0.138889
394013,0
394325,0
395187,0.0666667
395633,0
396154,0.0714286
199369,0.2
397156,0
397794,0
398020,0
690718,0.524675
398892,0
398909,0
399249,0
744969,3
399361,0
399733,0.333333
472735,0.195489
593129,0.0526316
745071,0.739933
836017,0.0526316
921289,0.0526316
400717,0
400815,0.0666667
402117,0
748262,0.356667
850161,0.0666667
16361,0.249206
403784,0
354631,0.25
510885,0.35
404136,0
404529,0
500612,0.257576
615937,0.590909
898946,0.590909
404734,0
405113,0
405142,0.111111
405494,0
405732,0
170228,0.0588235
677991,0.185965
757665,0.135965
406589,0
406657,0.0555556
740576,0.5
407101,0
407331,0
407942,0
408500,0
408531,0.0833333
409985,0
411487,0
411745,0.146209
845668,0.35
412710,0.113849
412715,0
413405,0
413683,0.0625
413853,0
899223,0.641667
953552,0.425
918290,0.183824
418519,0
48622,0.142857
419102,0.95
503283,0.224969
419197,0
763611,0.295258
422658,0
422891,0
423467,0
428329,0
724720,0.0769231
503668,0.181818
428725,0
158717,0.333333
444140,0
447241,0
448144,0
448152,0
448207,0
450786,0.25
450883,0
487038,0.739261
450991,0.2
451398,0
453009,0
453908,0
454240,0
457692,0
459860,0
460390,0.166667
460553,0
461391,0
461698,0
463663,0
464348,0
466442,0
802791,1.18903
467444,0.1
468938,1.5
469519,0.166667
831733,0.475
470588,0.142857
471645,0
496370,0.0769231
472102,0.2
473652,0
473909,0
474150,0
475010,0
475511,0
475650,0
476248,0
476282,0
476425,0
836394,0.194444
854854,0.194444
476541,0
476558,0
476599,0
476744,0
477001,0.380952
52736,0.477778
106514,0.2
477787,0
477793,0
478173,2
479149,0.25
479204,0
479772,0
480549,0
480956,0.25
484607,0.1
480984,0
132095,0.0769231
1518379,0.0769231
481827,0
483473,0
483563,0
921598,0.136364
483716,0.1
562663,0.0588235
883345,0.142857
484880,0
484890,0
485118,0
485204,0
485365,0.25
485525,0.833333
485689,0
104147,0.416667
409337,0.533333
486115,0
486395,0
421122,0.414286
490769,0.2
487663,0.173333
796957,0.0625
487219,0.166667
487357,0
639621,0.111111
778959,0.111111
795054,0.111111
952834,0.111111
487614,0
488394,0
755496,0.148148
489435,0
746068,0.718901
502774,0.030303
806822,0.092803
897322,0.0757576
648097,0.122222
490805,0
490852,0.238095
490860,0.225
607094,0.0625
810592,0.2875
491174,0.5
491565,0
159406,0.5
606043,0.0588235
494016,0
494038,0
145543,1
494746,0.0666667
1777836,0.2
494774,0
495288,0.0625
944933,0.0909091
495547,0
495702,0
26350,0.5
497236,0.1
497277,0
498241,0
498484,0
920117,0.0833333
499683,0
499745,0
499780,0
694411,0.111111
938878,0.037037
501537,0
74857,0.111111
501860,0
840289,0.0954545
502198,0
502269,0
961152,0.2
503242,0.333333
927795,0.14359
503247,0
503460,0.736111
507558,0
507955,0
507975,0
509156,0.0833333
509524,0.0909091
760389,0.25
796914,0.125
510953,0
545534,0.366667
752303,0.132479
511257,0.166667
513813,0
514563,0.660354
854203,0.0588235
515156,0
515600,0
515641,0
515750,0
515790,0
818254,0.0526316
847970,0.0769231
517796,0
518937,0
519715,0.119048
519954,0
569119,0.25
520215,0.25
840215,0.0757143
520583,0.373449
521564,0
647670,0.166667
521674,0.0625
522430,0
617536,0.166667
523661,0.0333333
524634,0
527024,0.0833333
528243,0.25
620056,0.774481
529050,0
537444,0.22619
531653,0
2006721,0.1
754219,0.04
532610,0
845662,1.52778
533042,0
533503,0
749571,0.1
533551,0
535892,0
536035,0
536321,0
537414,0
71373,0.1
538840,0
297839,0.166667
540742,0
502989,0.166667
591459,1.66667
540867,0
541760,0
1163,0.2
543169,0
544965,0
98819,0.0434783
546205,0
368578,0.0555556
919812,0.333333
546735,0
546738,0.25
546926,0
546976,0
548020,0.2
789514,0.472222
932299,0.111111
1016154,0.111111
548180,0
548397,0.1
847374,0.497024
949780,0.577433
550940,0
551115,0.1
782631,0.0416667
551762,0
616296,0.444444
551872,0
597239,0.0833333
552325,0.333333
566984,0.199301
554804,0
657329,0.75
556199,0
556292,0
557191,0
557905,0
558954,0.166667
559501,0
559785,0
559927,0
560554,0
561037,0
562105,0
414291,0.0666667
756959,0.0666667
759224,0.157576
562144,0
487012,0.047619
562615,0
812388,0.0714286
562850,0.125
563390,0
955009,0.1
566138,0
414506,0.166667
566448,0
753833,0.182006
566988,0
567153,0
868616,0.530927
988627,0.167832
567294,0
567769,0
567959,0
69520,0.166667
569064,0
569600,0.25
811598,0.0769231
570155,0
571258,0
571472,0
572105,0
572327,0
572578,0
573391,0.1
667584,0.437302
796710,0.166667
574033,0.112121
574035,0
576072,0
601421,0.047619
178135,0.5
577358,0.590909
122037,0.333333
577701,0
579037,0
579234,0
731975,0.5
580300,0.916667
641709,0.047619
581713,0.125
581859,0
582419,0
582463,0
582629,0
615304,0.138095
949211,0.0666667
938638,0.252372
583843,0
584695,0.5
585210,0
585874,0
586319,0
492521,0.125
586843,0.125
587631,1
588145,0
928160,0.416667
588246,0.25
625278,0.276923
588887,0.125
588918,0
589209,0
589256,0
589767,0
589802,0
140553,0.533333
459027,0.4
592161,0
593772,0
594113,0
594309,0
594765,0
595768,0.391667
595969,0
597269,0
597314,0
921542,0.628268
599777,0
890724,0.333333
151666,0.166667
600264,0
757070,0.1
813463,0.1
600386,0
600435,0
600720,0
601697,0
603036,0.333333
603226,0
931231,0.333333
479548,0.047619
758920,0.15873
919928,0.325397
603621,0.0714286
744075,0.188312
603980,0
604090,0
604702,0
604924,0.142857
803757,0.0454545
135059,0.25
607105,0
609590,0.333333
812101,0.333333
1536402,0.333333
103447,0.0909091
612095,0
614830,0
186545,0.125
614933,0.2
615247,0
412393,0.111111
616664,0
616979,0
919853,0.0666667
847305,0.25
617980,0
618589,0
85806,0.258824
618713,0
618726,0
143559,0.333333
619460,0
619536,0.111111
620126,0.166667
620759,0
621101,0.333333
621112,0
622277,0
622604,0
47401,0.142857
623443,0
624107,0
624190,0
624282,0
625203,0
625731,0
626115,0
626310,0
626774,0
626939,0
627026,1.93611
627787,0
628571,0
667622,0.0769231
1913210,0.0769231
628912,0
630845,0
299840,0.2
631071,0
631078,0
631667,0
632233,0
632986,0
633044,0
633080,0
787696,0.0714286
633313,0
633358,0
634463,0
825032,1.27692
635425,0
635760,0
635930,0
424928,0.1
68898,0.142857
636511,0
636841,0
638603,0
638632,0
638918,0
638960,0
109367,0.215909
640208,0
791734,0.0833333
855232,0.0833333
641111,0
642354,0
643543,0
643682,0
643755,0
919603,1.53333
644216,0
645956,0
646260,0
647156,0
755745,0.333333
647246,0
297849,0.1
648106,0.309524
650362,0
651848,0
852665,0.25
651972,0
652178,0
652192,0
656021,0
528895,0.5
656541,0
657041,0
11970,0.253968
657062,0
552576,0.142857
802264,0.0625
660155,0
660244,0
662149,0
662225,0
662416,0.875
843259,0.047619
662545,0
663255,0
299567,0.25
663645,1.60952
944293,0.288034
664272,0.666667
664457,0
1312035,1.5
664770,0.0909091
202344,0.0434783
665824,0
814871,0.139034
665945,0
769523,0.1
666073,0
666244,0.25
666623,0
667657,0
1811373,0.0833333
667738,0
668222,0
669057,0
669194,0
286866,0.2
987481,0.2
670273,0
670641,0.5
670734,0.2
46214,0.1
290414,0.1
671204,0
769486,0.336111
671452,0
672411,0
672835,0
672918,0
673082,0
107247,0.111111
841950,0.111111
896817,0.0526316
673752,0.444444
673883,0
869487,0.142857
926115,0.142857
674417,0
674749,0
925450,0.0384615
674937,0
675351,0
189641,0.111111
955647,0.111111
675500,0
675728,0
675976,0
451183,0.5
676313,0
676818,0.166667
677089,0
677241,0.5
30664,0.2
678098,0
678459,0
678650,0
678769,0
679749,0
831448,0.0933063
681718,0.2
683921,0
684612,0
1950198,0.75
686359,0
819946,0.1
277977,0.166667
689836,0
689965,0
201667,0.0909091
691371,0.249733
691616,0
694273,0
694325,0
695943,0
697391,0
701790,0
711954,0
716469,0
717234,0
717419,1.45
741236,0.833333
720741,0.1
721409,0
721416,0
722133,0
886961,0.125
722448,0
723868,0
724598,0
725175,0
947752,0.0714286
726201,0
726942,0
727318,0
729857,0
732652,0
733717,0
736318,0.267857
737969,0
739713,0
739975,0
740569,0
741127,0
741512,0
741671,0
741692,0
743623,0
743709,0
953875,0.11396
744736,0
382734,0.142857
746128,0
746302,0.0714286
746409,0
618230,0.125
746470,0
50520,0.0833333
746707,0
747028,0
48757,0.142857
747200,0
787940,0.242857
747561,0
747761,0
748827,0
748933,0
749132,0
749273,0.111111
749335,0
749743,0.111111
750146,0
750895,0
751201,0
752022,0
752094,0
752150,0
752613,0
752812,0
753004,0
753056,0
753098,0
753104,0.111111
753254,0
753422,0.0833333
308625,0.1
309068,0.1
753570,0
753598,0
753742,0
753868,0.592857
754587,0.242857
755030,0
755152,0.0833333
755918,0.433333
756754,0
757093,0
757251,0
591620,1
758402,0
674600,0.0344828
758661,0
759187,0
759454,0
919282,0.160256
759694,0
196370,0.0769231
760214,0.1
760238,0
760417,0
760658,0
761109,0
200448,0.0909091
24113,0.0714286
762097,0
762496,0
160428,0.111111
762663,0
763670,0
763747,0
763831,0
765494,0
199229,0.111111
765997,0
766354,0
766444,0
766557,0
28619,0.0714286
767404,0
767558,0
768241,0
349180,0.0588235
768367,0
768455,0
768585,0
768737,0
769638,0
770628,0
720786,0.2
770853,0
771388,0
771838,0.125
38100,0.166667
331473,0.125
773063,0
773615,0
773666,0
774227,0
774909,0
774983,0
775212,0
775254,0
775446,0
775494,0
775588,0
775694,0
775850,0
775904,0
776406,0
776408,0
777054,0
86750,0.162338
777366,0
777466,0
778526,0
778655,0
778925,0
778960,0
779146,0
779599,0
780948,0.142857
892586,0.0454545
780955,0
781680,0
568622,0.0833333
769388,0.0833333
782163,0.142857
800475,0.148352
960874,0.0714286
782297,0
782375,0
784010,0
784056,0
784122,0
784535,0
784597,0
784811,0
66276,0.166667
104741,0.416667
476645,0.142857
785500,0
785817,0
786126,0
787428,0
787579,0
788347,0
789055,0
789754,0
790224,0
790496,0
791308,0
213273,0.125
792190,0
792348,0
792839,0
792852,0
793898,0.0833333
793108,0
793225,0.333333
147481,0.142857
793456,0.2
340364,0.333333
793848,0.25
793913,0
794161,0
794257,0
794306,0
794401,0
794419,0
795053,0
358055,0.225
795271,0
795288,0
795387,0
795905,0
829033,0.0833333
5366,0.0833333
247004,0.0833333
248885,0.0833333
267435,0.0833333
335937,0.0833333
761478,0.0909091
797470,0
337015,0.125
85445,0.5
798587,0
798658,0.1
798751,0
800492,0
800695,0.166667
802048,0
802382,0
803115,0
803162,0.317857
803469,0
803513,0
803533,0
804338,0
194578,0.10101
243777,0.333333
804516,0
804635,0
805225,0
805493,0
11620,0.0434783
120067,0.333333
362922,0.333333
806523,0
806601,0
807181,0
807294,0
807361,0
807428,0
807869,0.277778
808003,0
808155,0.0714286
808304,0
808388,0
808613,0
808626,0
809900,0
810166,0
810912,0
810996,0
811178,0
811395,1.125
812040,0
812239,0.333333
812476,0
812741,0
812877,0
762618,0.2
276592,1
813910,0
814312,0
814387,0.491667
814530,0
815837,0
816267,0
565521,0.392857
816844,0
818576,0
818627,0
818702,0.166667
820596,0
820780,0
821252,0
821675,0
138560,0.166667
748088,0.166667
754767,0.166667
822913,0
823762,0
824406,0
824879,0
824895,0
825209,0
825793,0
825883,0.416667
826936,0
827224,0
827760,0
827859,0
828349,0
292876,0.0909091
829717,0
830063,0
830890,0
832507,0.172619
832833,0
125569,1
833539,0
833610,0
835085,0
36975,0.0909091
836103,0
251474,0.166667
836376,0
836737,0
837311,0
837328,0
837526,0
837886,0
838327,0
332641,0.1
838847,0
838884,0
839037,0
839432,0
840348,0
840812,0
841160,0
841870,0
841881,0
663424,0.333333
842379,0
842492,0
869708,0.125
843995,0.25
844043,0
844440,0
845196,0
845918,0
846634,0.333333
846671,0
656420,0.25
847703,0
847756,0
849405,0.111111
851205,0
851240,0
852405,0.1
852656,0
852718,0
852970,0
853254,0
854866,0.333333
855034,0
937397,0.0625
855619,0.333333
855655,0
178371,0.125
857621,0.277778
857887,0
858006,0
812480,0.0666667
858788,0
859026,0
859589,0.944444
860561,0.7
860985,0
860996,0
861057,0
861252,0.2
861600,0
595559,0.142857
862343,0
862761,0
862855,0
862902,0
863733,0.142857
865403,0
866215,0.142857
866767,0
866769,0
867307,0
867978,0
518252,0.5
867980,0
868086,0
630603,0.111111
868628,0
869364,0
870646,0
870809,0
212810,0.125
873085,0
17060,0.125
879144,0.7
882431,0
883069,0
883619,0
884251,0
884269,0
885138,0
885298,0
885387,0
885569,0
886648,0
887235,0
887513,0.5
887990,0
888262,0
888394,0
888942,0
889276,0
890559,0.1
890683,0
891911,0
894930,0
894962,1.05952
895074,0
895365,0
896041,0
896216,0.0833333
896309,0
896600,0
897035,0
897382,0
206658,0.2
907868,0
911827,0
961427,1.58333
912566,0
913130,0.833333
914671,0
915816,0
915835,0
916783,0
159410,0.142857
918111,0
918140,0
919239,0.0526316
919418,0.166667
919717,0
920004,0
920165,0
921024,0
921359,0.333333
921554,0
921888,0
922301,0
922398,0.211111
922704,0
923208,0
923332,0
923497,0
923745,0.2
924306,0
925635,0
925636,0
926021,0
926085,0
927278,0
929659,0
929673,0
930651,0
931015,0
931869,0
932328,0
932922,0
933458,0.666667
933621,0
933927,0
934305,0
934367,0
934801,0
935117,0
935413,0
935739,0.366667
778656,0.0625
936009,0
936126,0
936521,0
934243,0.0833333
937150,0.111111
937242,0
937703,0
146088,0.166667
938337,0
938487,0
938798,0
939033,0
579823,0.125
939871,0
940246,0
943649,0
944643,0
944700,0.0833333
945245,0
945687,0
945711,0
945951,0.791667
209517,0.047619
946940,0
948080,0
948625,0
949025,0
949204,0
949579,0
949980,0
950777,0
950805,0
951589,0
951825,0
952503,0
952786,0.201681
866271,0.037037
953102,0
954189,0
954322,0
954592,0
955700,0
955773,0
955936,0
956088,0
956675,0
958087,0
958117,0
958444,0
959490,0
963992,0
977198,0
977209,0
978359,0
983872,0
984877,0
985047,0
985076,0.125
777009,0.2
985124,0.5
508391,0.125
986573,0
986695,0
987643,0
987777,0.2
988307,0
988448,0
989528,0
989540,0
990366,0.0833333
990368,0.25
992260,0
992751,0
992857,0
993302,0
993494,0
994823,0.736111
996075,0
996096,0
996127,0.0833333
996141,0
996795,0
997568,0
997588,0
998969,0
999790,0
1000302,0
1000558,0
1002017,0
1002889,0
1003087,0
1003907,0
1006451,0
1009342,0.361111
1011101,0
1011315,0
1011504,0
1013037,0
1013109,0
1013375,0.1
1019495,0
1019633,0
1028077,0.944444
1426748,0.342857
1028746,0.2
1029659,0.333333
1032082,0.3
1032216,0
1032454,0
1035160,0.125
840708,0.111111
923063,0.111111
1036613,0
1038956,0
1039555,0
1041338,0
1050323,0
1061166,0
1061368,0
1061504,0
1062118,0
1072350,0.25
1072783,0
1084430,0
1098849,0
1176481,0
1194716,0
1213943,0
1232396,0
1273359,0
1276114,0
1352264,0
1379627,0
1390230,0
1393036,0
1393658,0
1405469,0
1409777,0.125
1422105,0.5
1435165,0
1449541,0
1451327,0
1453090,0
1456229,0
1459978,0
1824831,1
1471849,0
1476233,0
1482685,0
1502854,0
1528100,0
2717459,0.333333
1545319,0
1563731,0
1573712,0.2
1580437,0
1583976,0
1585751,0
1590871,0
1591840,0
1593570,0
1596642,0
2124046,0.611111
1598199,0
1599476,0.25
1619044,0
1620705,0
1629657,0
1630569,0
1714462,0.291667
1740826,0
1772438,0
1781875,0
1784311,0
1814388,0
1836313,0
1944458,0
1957634,0
1960811,0
1968188,0
1971972,0
1973181,0
1984584,0
1988927,0
124825,0.333333
2003453,0
2010336,0
2014409,0
2016362,0
2031918,0.25
39828,0.166667
2034242,0
2035658,0
2036252,0
2040645,0
2043318,0
2043528,0
2048033,0.142857
2055729,0
2059306,0
2060288,0
2061191,0
2064609,0
2080238,0
2085875,0
2089077,0
710448,0.666667
2113374,0
2114297,0
2115414,0
2118074,0
2120504,0
2128228,0
2129441,0
2133637,0
2135629,0
2136598,0
2138857,0
2139934,0
2142078,0
2142940,0
2165952,0.5
2264745,0
2285572,0
2289986,0
2290007,0.142857
1589051,0.666667
2312742,0
2336424,0
2363198,0
2365087,0.333333
2366358,0
151988,0.2
2367865,0
540139,0.2
868063,0.2
2370408,0
2372262,0
2373828,0
2376287,0
631275,0.166667
2377304,0
2393563,0
184677,0.25
2393596,0.325
791609,0.25
2394289,0
2395521,0
2397707,0
2397826,0
2398414,0
2401289,0
2406958,0
2424073,0
2424501,0
2435745,0.342857
2437431,0
2440425,0
2444397,0
2455573,0
2468217,0
2478029,0
2495841,0
2507287,0.125
639748,0.2
2508103,0
2509942,0
2515882,0
2517403,0
2517606,0
3214680,0.111111
2518402,0
2526137,0
2527840,0
2528416,0
2532578,0
2534053,0
2960510,0.2
2540309,0
2564904,0
2570457,1.83333
2571020,0
2571333,0
2575506,0
2577357,0
2577980,0
2592086,0.866667
2593754,0
2595668,0
2596970,0
2598627,0.333333
2619843,0
3413511,0.25
2620029,0
2639628,0.666667
2640328,0
2641312,0
2649123,0
2660270,0
2674162,0.666667
2674420,0
2681783,0
2684665,0
2690165,0
2701931,0
2702854,0
331400,0.166667
2729330,0
2450537,0.2
2995948,0.7
2732005,0
2397780,0.125
2739175,0
2742344,0
2744416,0
2754189,0
2759830,0
2766592,0.125
2775792,0
2782403,0.125
2784799,0
2786685,0
2795282,0
2795896,0
2800003,0
2802154,0
572508,0.333333
2802487,0
2806733,0
2811293,0
2814183,0.125
2823663,0
2824778,0
2825107,0
2831504,0
2841398,0
2854537,0
2854547,0
2855520,0
2867436,0.35
2869578,0
2872922,0
2873356,0.25
2877943,0
2877945,0
2895189,0
2899881,0
2921660,0
2923522,0
2939023,0
2940524,0
2942900,0
2948162,0
2986022,0
2991317,0
2995915,0
2996996,0
2999777,0
325727,0.333333
3007613,0
3018423,0
3020237,0
2063135,0.333333
3043787,0
3044549,0
3045620,0
3052730,0
3052733,0
3061665,0
3064351,0
3065088,0
3065843,0
3067310,0
3068662,0
1717415,0.5
3077599,0
115554,0.1
3085111,0
3088724,0
3101434,0
3102954,0
3103730,0
3105903,0
3115003,0
3117973,0
3120458,0
3125793,0
3139368,0
3144637,0
3145435,0
3145706,0
3145761,0
3145947,0
3153419,0
3158075,0
3171799,0
3172484,0
1055021,0.125
3178543,0
3178979,0
822089,0.333333
3180014,0
3185359,0
3188027,0
3190264,0
3200278,0
3200736,0
3206669,0
3206766,0
3210853,0
3211361,0
3216219,0
3224219,0
3226468,0
3227782,0
3236942,0
3237096,0
3239681,0
3242655,0
3256615,0
3268224,0
3271457,0
3272048,0
3276902,0
3278115,0
3288126,0
3161008,1
3306945,0
3308665,0
3313123,0
3314964,0
3315236,0
3316228,0
3319054,0
178301,0.2
3323342,0
3329291,0
3337670,0
3345212,0
3347207,0
3359519,0
3361526,0
3366296,0
1507678,0.25
3370668,0
3376900,0
3379291,0
3380137,0
3381566,0
3383741,0
3391646,0
2412330,0.125
3391937,0
3392996,0
3393991,0
3397785,0
3406269,0
3407597,0
3408531,0
3410250,0
3411865,0
3413218,0
3415304,0
3416601,0
3416819,0
3420473,0
3426731,0
3427505,0
3435164,0
284939,0.5
3441660,0
3445208,0
1391526,0.125
3446629,0
3449693,0
3451786,0
3455720,0
3455945,0
3460695,0
3462371,0
3462822,0
3462983,0
3469567,0
3474187,0
3474579,0
3475903,0
3477547,0
3480388,0
2385504,0.125
3486253,0
3506278,0
3511314,0
3513172,0
3523590,0
3535210,0
2659130,0.333333
3539434,0
3559122,0
3567510,0
3606027,0
3632715,0
3006966,0.5
3637248,0
3639618,0
3659356,0
3661296,0
3661738,0
261309,0.25
3670556,0
2518003,0.25
2896351,0.25
